"timestamp","forecast_price","forecast_provider","forecast_model","market_profile_id","market_time_unit_minutes","site_load_mw","site_peak_limit_mw","scenario_note"
"2026-06-17 00:00:00","44","mock_industrial_btm","industrial_peak_shaving_demo","de_lu_day_ahead","15","1.6","4.0","night_load"
"2026-06-17 00:15:00","44","mock_industrial_btm","industrial_peak_shaving_demo","de_lu_day_ahead","15","1.6","4.0","night_load"
"2026-06-17 00:30:00","44","mock_industrial_btm","industrial_peak_shaving_demo","de_lu_day_ahead","15","1.6","4.0","night_load"
"2026-06-17 00:45:00","44","mock_industrial_btm","industrial_peak_shaving_demo","de_lu_day_ahead","15","1.6","4.0","night_load"
"2026-06-17 01:00:00","39","mock_industrial_btm","industrial_peak_shaving_demo","de_lu_day_ahead","15","1.5","4.0","night_load"
"2026-06-17 01:15:00","39","mock_industrial_btm","industrial_peak_shaving_demo","de_lu_day_ahead","15","1.5","4.0","night_load"
"2026-06-17 01:30:00","39","mock_industrial_btm","industrial_peak_shaving_demo","de_lu_day_ahead","15","1.5","4.0","night_load"
"2026-06-17 01:45:00","39","mock_industrial_btm","industrial_peak_shaving_demo","de_lu_day_ahead","15","1.5","4.0","night_load"
"2026-06-17 02:00:00","33","mock_industrial_btm","industrial_peak_shaving_demo","de_lu_day_ahead","15","1.4","4.0","low_price_charge"
"2026-06-17 02:15:00","33","mock_industrial_btm","industrial_peak_shaving_demo","de_lu_day_ahead","15","1.4","4.0","low_price_charge"
"2026-06-17 02:30:00","33","mock_industrial_btm","industrial_peak_shaving_demo","de_lu_day_ahead","15","1.4","4.0","low_price_charge"
"2026-06-17 02:45:00","33","mock_industrial_btm","industrial_peak_shaving_demo","de_lu_day_ahead","15","1.4","4.0","low_price_charge"
"2026-06-17 03:00:00","29","mock_industrial_btm","industrial_peak_shaving_demo","de_lu_day_ahead","15","1.3","4.0","low_price_charge"
"2026-06-17 03:15:00","29","mock_industrial_btm","industrial_peak_shaving_demo","de_lu_day_ahead","15","1.3","4.0","low_price_charge"
"2026-06-17 03:30:00","29","mock_industrial_btm","industrial_peak_shaving_demo","de_lu_day_ahead","15","1.3","4.0","low_price_charge"
"2026-06-17 03:45:00","29","mock_industrial_btm","industrial_peak_shaving_demo","de_lu_day_ahead","15","1.3","4.0","low_price_charge"
"2026-06-17 04:00:00","35","mock_industrial_btm","industrial_peak_shaving_demo","de_lu_day_ahead","15","1.8","4.0","pre_shift"
"2026-06-17 04:15:00","35","mock_industrial_btm","industrial_peak_shaving_demo","de_lu_day_ahead","15","1.8","4.0","pre_shift"
"2026-06-17 04:30:00","35","mock_industrial_btm","industrial_peak_shaving_demo","de_lu_day_ahead","15","1.8","4.0","pre_shift"
"2026-06-17 04:45:00","35","mock_industrial_btm","industrial_peak_shaving_demo","de_lu_day_ahead","15","1.8","4.0","pre_shift"
"2026-06-17 05:00:00","51","mock_industrial_btm","industrial_peak_shaving_demo","de_lu_day_ahead","15","2.3","4.0","morning_start"
"2026-06-17 05:15:00","51","mock_industrial_btm","industrial_peak_shaving_demo","de_lu_day_ahead","15","2.3","4.0","morning_start"
"2026-06-17 05:30:00","51","mock_industrial_btm","industrial_peak_shaving_demo","de_lu_day_ahead","15","2.3","4.0","morning_start"
"2026-06-17 05:45:00","51","mock_industrial_btm","industrial_peak_shaving_demo","de_lu_day_ahead","15","2.3","4.0","morning_start"
"2026-06-17 06:00:00","69","mock_industrial_btm","industrial_peak_shaving_demo","de_lu_day_ahead","15","3.4","4.0","morning_ramp"
"2026-06-17 06:15:00","69","mock_industrial_btm","industrial_peak_shaving_demo","de_lu_day_ahead","15","3.4","4.0","morning_ramp"
"2026-06-17 06:30:00","69","mock_industrial_btm","industrial_peak_shaving_demo","de_lu_day_ahead","15","3.4","4.0","morning_ramp"
"2026-06-17 06:45:00","69","mock_industrial_btm","industrial_peak_shaving_demo","de_lu_day_ahead","15","3.4","4.0","morning_ramp"
"2026-06-17 07:00:00","88","mock_industrial_btm","industrial_peak_shaving_demo","de_lu_day_ahead","15","4.4","4.0","peak_shave"
"2026-06-17 07:15:00","88","mock_industrial_btm","industrial_peak_shaving_demo","de_lu_day_ahead","15","4.4","4.0","peak_shave"
"2026-06-17 07:30:00","88","mock_industrial_btm","industrial_peak_shaving_demo","de_lu_day_ahead","15","4.4","4.0","peak_shave"
"2026-06-17 07:45:00","88","mock_industrial_btm","industrial_peak_shaving_demo","de_lu_day_ahead","15","4.4","4.0","peak_shave"
"2026-06-17 08:00:00","82","mock_industrial_btm","industrial_peak_shaving_demo","de_lu_day_ahead","15","4.4","4.0","peak_shave"
"2026-06-17 08:15:00","82","mock_industrial_btm","industrial_peak_shaving_demo","de_lu_day_ahead","15","4.4","4.0","peak_shave"
"2026-06-17 08:30:00","82","mock_industrial_btm","industrial_peak_shaving_demo","de_lu_day_ahead","15","4.4","4.0","peak_shave"
"2026-06-17 08:45:00","82","mock_industrial_btm","industrial_peak_shaving_demo","de_lu_day_ahead","15","4.4","4.0","peak_shave"
"2026-06-17 09:00:00","64","mock_industrial_btm","industrial_peak_shaving_demo","de_lu_day_ahead","15","4.2","4.0","production_load"
"2026-06-17 09:15:00","64","mock_industrial_btm","industrial_peak_shaving_demo","de_lu_day_ahead","15","4.2","4.0","production_load"
"2026-06-17 09:30:00","64","mock_industrial_btm","industrial_peak_shaving_demo","de_lu_day_ahead","15","4.2","4.0","production_load"
"2026-06-17 09:45:00","64","mock_industrial_btm","industrial_peak_shaving_demo","de_lu_day_ahead","15","4.2","4.0","production_load"
"2026-06-17 10:00:00","47","mock_industrial_btm","industrial_peak_shaving_demo","de_lu_day_ahead","15","3.7","4.0","production_load"
"2026-06-17 10:15:00","47","mock_industrial_btm","industrial_peak_shaving_demo","de_lu_day_ahead","15","3.7","4.0","production_load"
"2026-06-17 10:30:00","47","mock_industrial_btm","industrial_peak_shaving_demo","de_lu_day_ahead","15","3.7","4.0","production_load"
"2026-06-17 10:45:00","47","mock_industrial_btm","industrial_peak_shaving_demo","de_lu_day_ahead","15","3.7","4.0","production_load"
"2026-06-17 11:00:00","38","mock_industrial_btm","industrial_peak_shaving_demo","de_lu_day_ahead","15","3.5","4.0","production_load"
"2026-06-17 11:15:00","38","mock_industrial_btm","industrial_peak_shaving_demo","de_lu_day_ahead","15","3.5","4.0","production_load"
"2026-06-17 11:30:00","38","mock_industrial_btm","industrial_peak_shaving_demo","de_lu_day_ahead","15","3.5","4.0","production_load"
"2026-06-17 11:45:00","38","mock_industrial_btm","industrial_peak_shaving_demo","de_lu_day_ahead","15","3.5","4.0","production_load"
"2026-06-17 12:00:00","31","mock_industrial_btm","industrial_peak_shaving_demo","de_lu_day_ahead","15","3.2","4.0","lunch_dip"
"2026-06-17 12:15:00","31","mock_industrial_btm","industrial_peak_shaving_demo","de_lu_day_ahead","15","3.2","4.0","lunch_dip"
"2026-06-17 12:30:00","31","mock_industrial_btm","industrial_peak_shaving_demo","de_lu_day_ahead","15","3.2","4.0","lunch_dip"
"2026-06-17 12:45:00","31","mock_industrial_btm","industrial_peak_shaving_demo","de_lu_day_ahead","15","3.2","4.0","lunch_dip"
"2026-06-17 13:00:00","34","mock_industrial_btm","industrial_peak_shaving_demo","de_lu_day_ahead","15","3.6","4.0","recharge_window"
"2026-06-17 13:15:00","34","mock_industrial_btm","industrial_peak_shaving_demo","de_lu_day_ahead","15","3.6","4.0","recharge_window"
"2026-06-17 13:30:00","34","mock_industrial_btm","industrial_peak_shaving_demo","de_lu_day_ahead","15","3.6","4.0","recharge_window"
"2026-06-17 13:45:00","34","mock_industrial_btm","industrial_peak_shaving_demo","de_lu_day_ahead","15","3.6","4.0","recharge_window"
"2026-06-17 14:00:00","43","mock_industrial_btm","industrial_peak_shaving_demo","de_lu_day_ahead","15","4.1","4.0","production_load"
"2026-06-17 14:15:00","43","mock_industrial_btm","industrial_peak_shaving_demo","de_lu_day_ahead","15","4.1","4.0","production_load"
"2026-06-17 14:30:00","43","mock_industrial_btm","industrial_peak_shaving_demo","de_lu_day_ahead","15","4.1","4.0","production_load"
"2026-06-17 14:45:00","43","mock_industrial_btm","industrial_peak_shaving_demo","de_lu_day_ahead","15","4.1","4.0","production_load"
"2026-06-17 15:00:00","58","mock_industrial_btm","industrial_peak_shaving_demo","de_lu_day_ahead","15","4.4","4.0","peak_shave"
"2026-06-17 15:15:00","58","mock_industrial_btm","industrial_peak_shaving_demo","de_lu_day_ahead","15","4.4","4.0","peak_shave"
"2026-06-17 15:30:00","58","mock_industrial_btm","industrial_peak_shaving_demo","de_lu_day_ahead","15","4.4","4.0","peak_shave"
"2026-06-17 15:45:00","58","mock_industrial_btm","industrial_peak_shaving_demo","de_lu_day_ahead","15","4.4","4.0","peak_shave"
"2026-06-17 16:00:00","76","mock_industrial_btm","industrial_peak_shaving_demo","de_lu_day_ahead","15","4.4","4.0","peak_shave"
"2026-06-17 16:15:00","76","mock_industrial_btm","industrial_peak_shaving_demo","de_lu_day_ahead","15","4.4","4.0","peak_shave"
"2026-06-17 16:30:00","76","mock_industrial_btm","industrial_peak_shaving_demo","de_lu_day_ahead","15","4.4","4.0","peak_shave"
"2026-06-17 16:45:00","76","mock_industrial_btm","industrial_peak_shaving_demo","de_lu_day_ahead","15","4.4","4.0","peak_shave"
"2026-06-17 17:00:00","93","mock_industrial_btm","industrial_peak_shaving_demo","de_lu_day_ahead","15","4.4","4.0","peak_shave"
"2026-06-17 17:15:00","93","mock_industrial_btm","industrial_peak_shaving_demo","de_lu_day_ahead","15","4.4","4.0","peak_shave"
"2026-06-17 17:30:00","93","mock_industrial_btm","industrial_peak_shaving_demo","de_lu_day_ahead","15","4.4","4.0","peak_shave"
"2026-06-17 17:45:00","93","mock_industrial_btm","industrial_peak_shaving_demo","de_lu_day_ahead","15","4.4","4.0","peak_shave"
"2026-06-17 18:00:00","106","mock_industrial_btm","industrial_peak_shaving_demo","de_lu_day_ahead","15","3.8","4.0","evening_expensive"
"2026-06-17 18:15:00","106","mock_industrial_btm","industrial_peak_shaving_demo","de_lu_day_ahead","15","3.8","4.0","evening_expensive"
"2026-06-17 18:30:00","106","mock_industrial_btm","industrial_peak_shaving_demo","de_lu_day_ahead","15","3.8","4.0","evening_expensive"
"2026-06-17 18:45:00","106","mock_industrial_btm","industrial_peak_shaving_demo","de_lu_day_ahead","15","3.8","4.0","evening_expensive"
"2026-06-17 19:00:00","98","mock_industrial_btm","industrial_peak_shaving_demo","de_lu_day_ahead","15","2.9","4.0","evening_expensive"
"2026-06-17 19:15:00","98","mock_industrial_btm","industrial_peak_shaving_demo","de_lu_day_ahead","15","2.9","4.0","evening_expensive"
"2026-06-17 19:30:00","98","mock_industrial_btm","industrial_peak_shaving_demo","de_lu_day_ahead","15","2.9","4.0","evening_expensive"
"2026-06-17 19:45:00","98","mock_industrial_btm","industrial_peak_shaving_demo","de_lu_day_ahead","15","2.9","4.0","evening_expensive"
"2026-06-17 20:00:00","79","mock_industrial_btm","industrial_peak_shaving_demo","de_lu_day_ahead","15","2.4","4.0","load_fade"
"2026-06-17 20:15:00","79","mock_industrial_btm","industrial_peak_shaving_demo","de_lu_day_ahead","15","2.4","4.0","load_fade"
"2026-06-17 20:30:00","79","mock_industrial_btm","industrial_peak_shaving_demo","de_lu_day_ahead","15","2.4","4.0","load_fade"
"2026-06-17 20:45:00","79","mock_industrial_btm","industrial_peak_shaving_demo","de_lu_day_ahead","15","2.4","4.0","load_fade"
"2026-06-17 21:00:00","61","mock_industrial_btm","industrial_peak_shaving_demo","de_lu_day_ahead","15","2.0","4.0","load_fade"
"2026-06-17 21:15:00","61","mock_industrial_btm","industrial_peak_shaving_demo","de_lu_day_ahead","15","2.0","4.0","load_fade"
"2026-06-17 21:30:00","61","mock_industrial_btm","industrial_peak_shaving_demo","de_lu_day_ahead","15","2.0","4.0","load_fade"
"2026-06-17 21:45:00","61","mock_industrial_btm","industrial_peak_shaving_demo","de_lu_day_ahead","15","2.0","4.0","load_fade"
"2026-06-17 22:00:00","52","mock_industrial_btm","industrial_peak_shaving_demo","de_lu_day_ahead","15","1.8","4.0","night_load"
"2026-06-17 22:15:00","52","mock_industrial_btm","industrial_peak_shaving_demo","de_lu_day_ahead","15","1.8","4.0","night_load"
"2026-06-17 22:30:00","52","mock_industrial_btm","industrial_peak_shaving_demo","de_lu_day_ahead","15","1.8","4.0","night_load"
"2026-06-17 22:45:00","52","mock_industrial_btm","industrial_peak_shaving_demo","de_lu_day_ahead","15","1.8","4.0","night_load"
"2026-06-17 23:00:00","46","mock_industrial_btm","industrial_peak_shaving_demo","de_lu_day_ahead","15","1.6","4.0","night_load"
"2026-06-17 23:15:00","46","mock_industrial_btm","industrial_peak_shaving_demo","de_lu_day_ahead","15","1.6","4.0","night_load"
"2026-06-17 23:30:00","46","mock_industrial_btm","industrial_peak_shaving_demo","de_lu_day_ahead","15","1.6","4.0","night_load"
"2026-06-17 23:45:00","46","mock_industrial_btm","industrial_peak_shaving_demo","de_lu_day_ahead","15","1.6","4.0","night_load"
